variant,sp_idx,SPCD,sp_code,default_sdimax,calibrated_sdimax,pct_change,abs_change
AK,1,11,SF,790,NA,NA,NA
AK,2,19,AF,602,NA,NA,NA
AK,3,42,YC,592,613.6643459740824,3.6595179010274292,21.66434597408238
AK,4,71,TA,387,NA,NA,NA
AK,5,94,WS,412,274.9101589417556,-33.27423326656418,-137.08984105824442
AK,7,95,BE,500,504.3316071300146,0.8663214260029235,4.331607130014618
AK,8,98,SS,654,577.8071502580482,-11.650282835160828,-76.19284974195182
AK,9,108,LP,679,347.58704854543316,-48.80897665015712,-331.41295145456684
AK,10,242,RC,762,707.8081065098283,-7.111797045954285,-54.19189349017165
AK,11,263,WH,682,599.1489966310419,-12.14824096319034,-82.85100336895812
AK,12,264,MH,687,565.7284730285234,-17.65233289250024,-121.27152697147665
AK,13,299,OS,412,NA,NA,NA
AK,14,350,AD,441,NA,NA,NA
AK,15,351,RA,441,NA,NA,NA
AK,16,375,PB,466,222.11513148139255,-52.33580869498014,-243.88486851860745
AK,17,376,AB,466,229.02753883217156,-50.85245947807477,-236.97246116782844
AK,18,741,BA,384,NA,NA,NA
AK,19,746,AS,562,298.768875231104,-46.83827842862918,-263.231124768896
AK,20,747,CW,452,329.49309174518476,-27.10329828646355,-122.50690825481524
AK,21,920,WI,447,NA,NA,NA
AK,22,928,SU,447,NA,NA,NA
AK,23,998,OH,452,NA,NA,NA
CR,1,19,AF,602,446.59932338444406,-25.814065882982714,-155.40067661555594
CR,2,18,CB,423,464.3165387618285,9.767503253387352,41.3165387618285
CR,3,202,DF,570,429.28027716891495,-24.687670672120184,-140.71972283108505
CR,4,17,GF,562,NA,NA,NA
CR,5,15,WF,634,405.9638628240496,-35.96784498043382,-228.0361371759504
CR,6,264,MH,687,NA,NA,NA
CR,7,242,RC,762,NA,NA,NA
CR,8,73,WL,423,NA,NA,NA
CR,9,102,BC,621,373.66302896300186,-39.82881981272112,-247.33697103699814
CR,10,113,LM,409,334.27595981828244,-18.269936474747567,-74.72404018171756
CR,11,108,LP,679,386.2642485092736,-43.112776360931726,-292.7357514907264
CR,12,106,PI,348,312.5891426322586,-10.175533726362476,-35.410857367741414
CR,13,122,PP,446,337.63908918383794,-24.296168344430956,-108.36091081616206
CR,14,101,WB,621,NA,NA,NA
CR,15,114,SW,529,NA,NA,NA
CR,16,65,UJ,497,385.99866435461706,-22.33427276567061,-111.00133564538294
CR,17,96,BS,620,290.69666240734614,-53.113441547202235,-329.30333759265386
CR,18,93,ES,620,491.96115941641585,-20.65142590057809,-128.03884058358415
CR,19,94,WS,412,NA,NA,NA
CR,20,746,AS,562,423.33006191620376,-24.67436620708118,-138.66993808379624
CR,21,749,NC,452,NA,NA,NA
CR,22,745,PW,452,NA,NA,NA
CR,23,814,GO,652,457.7100768302454,-29.799067970821262,-194.28992316975462
CR,24,803,AW,403,338.74553545507524,-15.944035867226987,-64.25446454492476
CR,25,810,EM,284,247.4905252413278,-12.8554488586874,-36.50947475867221
CR,26,823,BK,423,NA,NA,NA
CR,27,843,SO,284,502.4254717786371,76.91037738684405,218.42547177863707
CR,28,375,PB,466,NA,NA,NA
CR,29,63,AJ,395,362.71348043284735,-8.173802422063963,-32.28651956715265
CR,30,66,RM,411,404.2444912537743,-1.64367609397219,-6.755508746225701
CR,31,69,OJ,408,335.8194696908269,-17.69130644832674,-72.1805303091731
CR,32,68,ER,354,NA,NA,NA
CR,33,133,PM,358,NA,NA,NA
CR,34,134,PD,348,165.33343492985802,-52.49039226153506,-182.66656507014198
CR,35,143,AZ,358,211.764998748946,-40.847765712584916,-146.235001251054
CR,36,118,CI,446,NA,NA,NA
CR,37,299,OS,348,NA,NA,NA
CR,38,998,OH,452,NA,NA,NA
CS,1,68,RC,354,303.19756468402244,-14.350970428242249,-50.80243531597756
CS,2,57,JU,354,NA,NA,NA
CS,3,110,SP,490,252.10506502134515,-48.54998673033773,-237.89493497865485
CS,4,132,VP,499,318.9853736703264,-36.07507541676826,-180.0146263296736
CS,5,131,LP,480,378.94032665644545,-21.05409861324053,-101.05967334355455
CS,6,299,OS,354,NA,NA,NA
CS,7,129,WP,529,363.1037763151849,-31.36034474193102,-165.89622368481508
CS,8,602,WN,283,297.0469805993547,4.9635973849309885,14.046980599354697
CS,9,601,BN,283,NA,NA,NA
CS,10,690,TL,430,NA,NA,NA
CS,11,694,TS,704,NA,NA,NA
CS,12,691,WT,726,NA,NA,NA
CS,13,693,BG,430,234.8921469175479,-45.37391932150049,-195.1078530824521
CS,15,407,SH,302,207.7938413469438,-31.194092269223912,-94.2061586530562
CS,16,405,SL,302,NA,NA,NA
CS,17,409,MH,230,279.416669829399,21.485508621477816,49.416669829398984
CS,18,403,PH,276,281.4357258426354,1.9694658850128284,5.4357258426354065
CS,19,400,HI,302,243.8723255838189,-19.247574309993738,-58.127674416181094
CS,20,401,WH,301,NA,NA,NA
CS,21,402,BH,301,257.9396274792094,-14.30577160159157,-43.06037252079062
CS,22,404,PE,338,NA,NA,NA
CS,23,408,BI,289,NA,NA,NA
CS,24,531,AB,364,307.73908671663946,-15.45629485806608,-56.26091328336054
CS,25,543,BA,423,NA,NA,NA
CS,26,545,PA,408,NA,NA,NA
CS,27,546,UA,408,NA,NA,NA
CS,28,742,EC,648,NA,NA,NA
CS,29,316,RM,421,309.62354486044165,-26.455214997519796,-111.37645513955835
CS,30,313,BE,344,269.8881276689565,-21.544148933442884,-74.11187233104351
CS,31,317,SV,590,318.8125173870576,-45.963980103888545,-271.1874826129424
CS,32,762,BC,384,219.3557879741608,-42.87609688172896,-164.6442120258392
CS,33,972,AE,282,205.9960849089284,-26.951742940096313,-76.0039150910716
CS,34,461,SG,339,NA,NA,NA
CS,35,462,HK,420,261.28842023391206,-37.788471372878085,-158.71157976608794
CS,36,971,WE,263,NA,NA,NA
CS,37,970,EL,282,NA,NA,NA
CS,38,974,SI,282,NA,NA,NA
CS,39,975,RL,227,190.26915491438305,-16.180989024500857,-36.73084508561695
CS,40,977,RE,282,NA,NA,NA
CS,41,621,YP,478,342.19708733840247,-28.41065118443463,-135.80291266159753
CS,42,951,BW,526,266.482983975773,-49.337835746050764,-259.517016024227
CS,43,318,SM,371,289.588346001751,-21.94384204804555,-81.411653998249
CS,44,540,AS,414,NA,NA,NA
CS,45,541,WA,408,252.18456157068115,-38.19005843855854,-155.81543842931885
CS,46,544,GA,414,321.0005029431393,-22.463646632091958,-92.99949705686072
CS,47,802,WO,361,306.81218425919417,-15.01047527446145,-54.18781574080583
CS,48,833,RO,414,327.02703596232,-21.007962327942032,-86.97296403768001
CS,49,812,SK,342,297.040350675695,-13.146096293656438,-44.95964932430502
CS,50,837,BO,370,297.5421541081586,-19.58320159238956,-72.45784589184137
CS,51,806,SO,315,317.5032826951416,0.7946929190925691,2.5032826951415927
CS,52,824,BJ,326,NA,NA,NA
CS,53,826,CK,336,272.47629519770913,-18.905864524491328,-63.523704802290865
CS,54,804,SW,361,NA,NA,NA
CS,55,823,BR,423,NA,NA,NA
CS,56,825,SN,417,NA,NA,NA
CS,57,835,PO,311,251.34841935135847,-19.18057255583329,-59.65158064864153
CS,58,836,DO,311,NA,NA,NA
CS,59,832,CO,417,306.12103088679874,-26.58968084249431,-110.87896911320126
CS,60,830,PN,455,NA,NA,NA
CS,61,813,CB,405,275.32981941196897,-32.017328540254574,-129.67018058803103
CS,62,817,QI,370,NA,NA,NA
CS,63,822,OV,384,NA,NA,NA
CS,64,827,WK,365,NA,NA,NA
CS,65,828,NK,342,NA,NA,NA
CS,66,831,WL,315,NA,NA,NA
CS,67,834,QS,342,301.0808449602076,-11.96466521631356,-40.91915503979237
CS,69,931,SS,492,245.27239529762096,-50.14788713462988,-246.72760470237904
CS,70,331,OB,371,NA,NA,NA
CS,71,450,CA,492,NA,NA,NA
CS,72,521,PS,147,NA,NA,NA
CS,73,552,HL,338,NA,NA,NA
CS,74,741,BP,384,NA,NA,NA
CS,75,743,BT,520,NA,NA,NA
CS,76,746,QA,562,NA,NA,NA
CS,77,901,BK,343,274.373350342887,-20.007769579333228,-68.62664965711298
CS,79,731,SY,499,312.7007648228117,-37.3345160675728,-186.29923517718828
CS,80,221,BY,692,NA,NA,NA
CS,81,373,RB,400,NA,NA,NA
CS,82,611,SU,430,361.54663819900406,-15.919386465347891,-68.45336180099594
CS,83,920,WI,447,NA,NA,NA
CS,84,922,BL,447,NA,NA,NA
CS,85,998,OH,257,NA,NA,NA
CS,86,391,AH,375,NA,NA,NA
CS,87,471,RD,422,NA,NA,NA
CS,88,491,DW,257,343.51619121210604,33.663887631169665,86.51619121210604
CS,89,500,HT,463,NA,NA,NA
CS,90,571,KC,343,NA,NA,NA
CS,91,641,OO,404,NA,NA,NA
CS,92,651,CT,415,NA,NA,NA
CS,93,653,MV,492,NA,NA,NA
CS,94,680,MB,277,NA,NA,NA
CS,95,701,HH,304,NA,NA,NA
CS,96,711,SD,164,244.57518664048263,49.131211366147944,80.57518664048263
EC,1,119,WP,645,NA,NA,NA
EC,2,73,WL,648,426.51129536852034,-34.180355653006124,-221.48870463147966
EC,3,202,DF,766,548.5597014337932,-28.386461953812905,-217.44029856620682
EC,4,11,SF,766,669.6209654437689,-12.58211939376385,-96.37903455623109
EC,5,242,RC,766,639.1492965750297,-16.560144050257225,-126.85070342497033
EC,6,17,GF,766,445.4792586159066,-41.843438822988695,-320.5207413840934
EC,7,108,LP,674,374.3688782584515,-44.45565604474013,-299.6311217415485
EC,8,93,ES,766,443.5760246874678,-42.09190278231491,-322.4239753125322
EC,9,19,AF,700,506.6304232232647,-27.62422525381933,-193.3695767767353
EC,10,122,PP,645,306.6699247431191,-52.45427523362494,-338.3300752568809
EC,11,263,WH,900,629.9805562872888,-30.00216041252347,-270.0194437127112
EC,12,264,MH,766,615.2996377830264,-19.673676529631024,-150.70036221697364
EC,13,231,PY,900,NA,NA,NA
EC,14,101,WB,900,269.30928059270235,-70.07674660081084,-630.6907194072976
EC,15,22,NF,900,670.2539811970305,-25.527335422552166,-229.7460188029695
EC,16,15,WF,766,507.22839698479254,-33.78219360511847,-258.77160301520746
EC,17,72,LL,900,NA,NA,NA
EC,18,42,YC,900,602.1862924352936,-33.090411951634046,-297.8137075647064
EC,19,64,WJ,900,215.25289380682423,-76.08301179924176,-684.7471061931758
EC,20,312,BM,900,423.1278772450903,-52.98579141721219,-476.8721227549097
EC,21,324,VN,900,NA,NA,NA
EC,22,351,RA,900,369.6929536721601,-58.923005147537765,-530.3070463278399
EC,23,375,PB,900,NA,NA,NA
EC,24,431,GC,900,NA,NA,NA
EC,25,492,DG,900,NA,NA,NA
EC,26,746,AS,900,293.0751706323528,-67.43609215196079,-606.9248293676471
EC,27,747,CW,900,333.65341844335114,-62.927397950738765,-566.3465815566489
EC,28,815,WO,900,347.24660067265427,-61.41704436970508,-552.7533993273457
EC,29,760,PL,900,NA,NA,NA
EC,30,920,WI,900,NA,NA,NA
EC,31,299,OS,766,NA,NA,NA
EC,32,998,OH,900,NA,NA,NA
EM,1,101,WB,467,465.75356915914057,-0.2669016789848891,-1.246430840859432
EM,2,73,WL,634,419.85267600350977,-33.777180441086784,-214.14732399649023
EM,3,202,DF,696,400.61492406823146,-42.44038447295525,-295.38507593176854
EM,4,113,LM,768,371.690290572451,-51.60282674837878,-396.309709427549
EM,5,72,LL,775,NA,NA,NA
EM,6,66,RM,751,362.8571653091136,-51.68346666989166,-388.1428346908864
EM,7,108,LP,707,395.32954052246896,-44.08351619201288,-311.67045947753104
EM,8,93,ES,661,475.38141453662394,-28.081480402931327,-185.61858546337606
EM,9,19,AF,635,416.46962626402103,-34.41423208440614,-218.53037373597897
LS,1,105,JP,356,256.22691820653415,-28.02614657119827,-99.77308179346585
LS,2,130,SC,408,258.2897667625198,-36.69368461702947,-149.71023323748022
LS,3,125,RN,505,357.9761358758874,-29.113636460220317,-147.0238641241126
LS,4,125,RP,505,357.9761358758874,-29.113636460220317,-147.0238641241126
LS,5,129,WP,529,370.3851303126324,-29.983907313302005,-158.61486968736762
LS,6,94,WS,412,315.74340085032816,-23.363252220794134,-96.25659914967184
LS,7,91,NS,412,295.9131722282824,-28.176414507698446,-116.0868277717176
LS,8,12,BF,655,334.15843715469464,-48.98344470920693,-320.84156284530536
LS,9,95,BS,500,316.1202866947933,-36.775942661041334,-183.87971330520668
LS,10,71,TA,387,215.73508386512435,-44.25450029324952,-171.26491613487565
LS,11,241,WC,771,479.6876133466536,-37.78370773713961,-291.3123866533464
LS,12,261,EH,510,406.23050279378583,-20.34696023651258,-103.76949720621417
LS,13,299,OS,354,NA,NA,NA
LS,14,68,RC,354,244.311916571992,-30.98533430169718,-109.68808342800801
LS,15,543,BA,423,314.78854328940304,-25.581904659715594,-108.21145671059696
LS,16,544,GA,414,300.88502218628076,-27.322458409110926,-113.11497781371924
LS,17,742,EC,648,367.9244187523768,-43.221540315991234,-280.0755812476232
LS,18,317,SV,590,352.20360922014305,-40.30447301353508,-237.79639077985695
LS,19,316,RM,421,344.7702401445142,-18.10683131959282,-76.22975985548578
LS,20,762,BC,384,300.1713087470731,-21.83038834711638,-83.82869125292689
LS,21,972,AE,282,260.7227331516033,-7.545130088083943,-21.27726684839672
LS,22,975,RL,227,215.05021262858585,-5.264223511636187,-11.949787371414146
LS,23,977,RE,282,NA,NA,NA
LS,24,371,YB,369,351.48845523330647,-4.745676088534832,-17.511544766693532
LS,25,951,BW,526,336.02077907408113,-36.11772260949028,-189.97922092591887
LS,26,318,SM,371,322.16655388906986,-13.162653938256105,-48.83344611093014
LS,27,314,BM,371,NA,NA,NA
LS,28,531,AB,364,339.9098357255886,-6.6181769984646674,-24.090164274411393
LS,29,541,WA,408,385.34897525535865,-5.551721751137585,-22.651024744641347
LS,30,802,WO,361,282.81383739763584,-21.658216787358494,-78.18616260236416
LS,31,804,SW,361,281.2672219105701,-22.08664213003599,-79.73277808942993
LS,32,823,BR,423,297.00655681479515,-29.785683968133533,-125.99344318520485
LS,33,826,CK,336,NA,NA,NA
LS,34,833,RO,414,324.69969633865276,-21.57012165733025,-89.30030366134724
LS,35,837,BO,370,295.0633793999401,-20.253140702718888,-74.93662060005988
LS,36,809,NP,336,295.815239541209,-11.959750136544942,-40.184760458791004
LS,37,402,BH,301,257.1283132624228,-14.575311208497407,-43.87168673757719
LS,38,403,PH,276,NA,NA,NA
LS,39,407,SH,302,228.94817093245405,-24.189347373359585,-73.05182906754595
LS,40,743,BT,520,358.62966909164703,-31.032755943914033,-161.37033090835297
LS,41,746,QA,562,306.34836188228405,-45.489615323437,-255.65163811771595
LS,42,741,BP,384,306.30965764418,-20.231859988494794,-77.69034235582001
LS,43,375,PB,466,308.7360928257276,-33.74761956529451,-157.2639071742724
LS,45,601,BN,283,202.45670964368452,-28.460526627673314,-80.54329035631548
LS,46,602,WN,283,275.2900482094135,-2.724364590313251,-7.709951790586501
LS,47,701,HH,304,321.85739299712316,5.874142433264196,17.857392997123156
LS,48,901,BK,343,267.8069918745448,-21.92215980333971,-75.19300812545521
LS,49,998,OH,257,NA,NA,NA
LS,50,313,BE,344,259.46999310798617,-24.572676422097043,-84.53000689201383
LS,51,315,ST,243,NA,NA,NA
LS,52,319,MM,243,NA,NA,NA
LS,53,391,AH,375,NA,NA,NA
LS,54,421,AC,243,NA,NA,NA
LS,55,462,HK,420,272.26962108547275,-35.17389974155411,-147.73037891452725
LS,56,491,DW,257,NA,NA,NA
LS,57,500,HT,463,246.79744633559756,-46.69601591023811,-216.20255366440244
LS,58,660,AP,422,NA,NA,NA
LS,59,693,BG,430,NA,NA,NA
LS,60,731,SY,499,NA,NA,NA
LS,61,761,PR,463,NA,NA,NA
LS,62,763,CC,463,NA,NA,NA
LS,63,760,PL,463,NA,NA,NA
LS,64,920,WI,447,NA,NA,NA
LS,65,922,BL,447,280.7172102008708,-37.19972926155016,-166.2827897991292
LS,66,923,DM,447,NA,NA,NA
LS,67,931,SS,492,336.953487633406,-31.51351877369797,-155.04651236659402
LS,68,935,MA,338,NA,NA,NA
NE,1,12,BF,655,349.75823527935876,-46.60179614055592,-305.24176472064124
NE,2,71,TA,387,418.5123671452727,8.142730528494242,31.51236714527272
NE,3,94,WS,412,362.26013671461806,-12.07278235082086,-49.739863285381944
NE,4,97,RS,506,380.11920851410093,-24.87762677586938,-125.88079148589907
NE,5,91,NS,412,371.32421500872954,-9.872763347395743,-40.67578499127046
NE,6,95,BS,500,257.19891320425097,-48.56021735914981,-242.80108679574903
NE,7,90,PI,412,NA,NA,NA
NE,8,125,RN,505,463.432984161917,-8.231092245164955,-41.56701583808302
NE,9,129,WP,529,405.6191646163261,-23.323409335288073,-123.38083538367391
NE,10,131,LP,480,447.3917676087598,-6.7933817481750465,-32.60823239124022
NE,11,132,VP,499,257.05314606288033,-48.48634347437268,-241.94685393711967
NE,12,241,WC,771,504.22233019811085,-34.60151359298173,-266.77766980188915
NE,13,43,AW,771,653.9795112333884,-15.177754703840675,-117.0204887666116
NE,14,68,RC,354,298.42559153612876,-15.698985441771537,-55.57440846387124
NE,15,57,JU,354,NA,NA,NA
NE,16,261,EH,510,419.78489318426944,-17.689236630535405,-90.21510681573056
NE,17,260,HM,518,NA,NA,NA
NE,18,100,OP,529,NA,NA,NA
NE,19,105,JP,356,NA,NA,NA
NE,20,110,SP,490,NA,NA,NA
NE,21,123,TM,398,NA,NA,NA
NE,22,126,PP,398,287.5357514241986,-27.754836325578236,-110.46424857580138
NE,23,128,PD,310,NA,NA,NA
NE,24,130,SC,408,299.7246746358549,-26.538069942192422,-108.27532536414509
NE,25,299,OS,354,NA,NA,NA
NE,26,316,RM,421,345.1330466576303,-18.020654000562875,-75.8669533423697
NE,27,318,SM,371,329.80324529668786,-11.104246550757988,-41.19675470331214
NE,28,314,BM,371,NA,NA,NA
NE,29,317,SV,590,362.59432472247335,-38.543334792801126,-227.40567527752665
NE,30,371,YB,369,367.87835147832385,-0.3039697890721273,-1.1216485216761498
NE,31,372,SB,350,336.89531103752734,-3.744196846420761,-13.104688962472665
NE,32,373,RB,400,NA,NA,NA
NE,33,375,PB,466,334.771179956692,-28.16069099641803,-131.22882004330802
NE,34,379,GB,466,261.6856928855672,-43.84427191296841,-204.31430711443278
NE,35,400,HI,302,278.35089800840234,-7.830828474038961,-23.64910199159766
NE,36,403,PH,276,308.02988022726424,11.605029067849363,32.02988022726424
NE,37,405,SL,302,NA,NA,NA
NE,38,407,SH,302,288.08679056686236,-4.607022991105178,-13.913209433137638
NE,39,409,MH,230,270.7022379247208,17.69662518466122,40.702237924720805
NE,40,531,AB,364,336.4068077630088,-7.580547317854718,-27.59319223699117
NE,41,540,AS,414,NA,NA,NA
NE,42,541,WA,408,375.1371442581903,-8.054621505345517,-32.86285574180971
NE,43,543,BA,423,387.5948441651866,-8.37001319971948,-35.4051558348134
NE,44,544,GA,414,291.28342761496964,-29.641684150973518,-122.71657238503036
NE,45,545,PA,408,NA,NA,NA
NE,46,621,YP,478,362.22990207092494,-24.219685759220724,-115.77009792907506
NE,47,611,SU,430,395.78665193280193,-7.956592573766993,-34.21334806719807
NE,48,651,CT,415,334.0031413312365,-19.517315341870717,-80.99685866876348
NE,49,746,QA,562,328.9892204538076,-41.46099280181359,-233.0107795461924
NE,50,741,BP,384,330.1209300419291,-14.03100780158096,-53.879069958070886
NE,51,742,EC,648,265.0878162230209,-59.09138638533628,-382.9121837769791
NE,52,743,BT,520,335.45648420610024,-35.48913765267303,-184.54351579389976
NE,53,744,PY,648,NA,NA,NA
NE,54,762,BC,384,377.5038892649743,-1.6916955039129415,-6.496110735025695
NE,55,802,WO,361,304.4682114803826,-15.659775213190416,-56.53178851961741
NE,56,823,BR,423,NA,NA,NA
NE,57,826,CK,336,NA,NA,NA
NE,58,835,PO,311,NA,NA,NA
NE,59,800,OK,361,NA,NA,NA
NE,60,806,SO,315,300.67663872996246,-4.547098815884932,-14.323361270037537
NE,61,817,QI,370,NA,NA,NA
NE,62,827,WK,365,NA,NA,NA
NE,63,830,PN,455,279.9036684038275,-38.48271024091703,-175.0963315961725
NE,64,832,CO,417,328.0893661661871,-21.321494924175752,-88.91063383381288
NE,65,804,SW,361,228.25175539480932,-36.77236692664562,-132.74824460519068
NE,66,825,SN,336,NA,NA,NA
NE,67,833,RO,414,359.3207200429657,-13.207555545177364,-54.67927995703428
NE,68,812,SK,342,282.5186274570609,-17.392214193841838,-59.481372542939084
NE,69,837,BO,370,331.9735037732392,-10.277431412638053,-38.0264962267608
NE,70,813,CB,405,NA,NA,NA
NE,72,330,BU,371,NA,NA,NA
NE,73,332,YY,371,305.1981971327534,-17.736335004648673,-65.80180286724658
NE,74,374,WR,400,NA,NA,NA
NE,75,462,HK,420,NA,NA,NA
NE,76,521,PS,147,NA,NA,NA
NE,77,591,HY,155,408.0011500240642,163.22654840262206,253.0011500240642
NE,78,601,BN,283,NA,NA,NA
NE,79,602,WN,283,225.9218230447836,-20.168967121984593,-57.078176955216406
NE,80,641,OO,404,NA,NA,NA
NE,81,650,MG,492,NA,NA,NA
NE,82,653,MV,492,NA,NA,NA
NE,83,660,AP,422,226.7850816211906,-46.25945933147142,-195.2149183788094
NE,84,691,WT,726,NA,NA,NA
NE,85,693,BG,430,339.74019372457,-20.990652622193018,-90.25980627542998
NE,86,711,SD,164,NA,NA,NA
NE,87,712,PW,164,NA,NA,NA
NE,88,731,SY,499,322.78350137035875,-35.31392758109043,-176.21649862964125
NE,89,831,WL,315,313.79993129403397,-0.38097419237016894,-1.2000687059660322
NE,90,901,BK,343,268.4008950127363,-21.749010200368417,-74.59910498726367
NE,91,922,BL,447,242.98458468548176,-45.64103250884077,-204.01541531451824
NE,92,931,SS,492,313.46332275447526,-36.287942529578196,-178.53667724552474
NE,93,951,BW,526,355.87646298079187,-32.342877760305726,-170.12353701920813
NE,94,952,WB,526,NA,NA,NA
NE,95,970,EL,282,NA,NA,NA
NE,96,972,AE,282,272.9629459639531,-3.204629090796782,-9.037054036046925
NE,97,975,RL,227,291.0077946018027,28.197266344406472,64.00779460180269
NE,98,998,OH,257,NA,NA,NA
NE,99,313,BE,344,293.6100274847027,-14.648247824214332,-50.3899725152973
NE,100,315,ST,243,259.1547406861582,6.648041434633012,16.15474068615822
NE,101,341,AI,343,347.96567945407946,1.4477199574575697,4.9656794540794635
NE,102,356,SE,657,NA,NA,NA
NE,103,391,AH,375,NA,NA,NA
NE,104,491,DW,257,NA,NA,NA
NE,105,500,HT,463,297.865155625804,-35.6662730829797,-165.134844374196
NE,106,701,HH,304,280.5919649273948,-7.700011537041175,-23.408035072605173
NE,107,760,PL,463,NA,NA,NA
NE,108,761,PR,463,277.0564395134745,-40.16059621739212,-185.94356048652548
SN,1,10,FR,655,NA,NA,NA
SN,2,57,JU,354,NA,NA,NA
SN,3,90,PI,412,NA,NA,NA
SN,4,107,PU,499,314.34372913121973,-37.005264703162375,-184.65627086878027
SN,5,110,SP,490,322.50928792375504,-34.18177797474387,-167.49071207624496
SN,6,111,SA,385,313.59370235087624,-18.5470902984737,-71.40629764912376
SN,7,115,SR,490,331.48932274497963,-32.34911780714701,-158.51067725502037
SN,8,121,LL,332,261.3948368671807,-21.266615401451602,-70.60516313281931
SN,9,123,TM,398,261.18013062359955,-34.37685160211067,-136.81986937640045
SN,10,126,PP,398,352.53266939481654,-11.423952413362679,-45.46733060518346
SN,11,128,PD,310,292.6629379357905,-5.592600665874024,-17.337062064209476
SN,12,129,WP,529,400.3899990773333,-24.311909437177068,-128.6100009226667
SN,13,131,LP,480,352.35505004167686,-26.592697907983986,-127.64494995832314
SN,14,132,VP,499,346.5999283795047,-30.541096517133326,-152.40007162049528
SN,15,221,BY,692,509.35910310209414,-26.393193193339,-182.64089689790586
SN,16,222,PC,623,518.1493655397775,-16.82995737724278,-104.85063446022252
SN,17,260,HM,518,368.8078199797392,-28.801579154490508,-149.19218002026082
SN,18,311,FM,371,322.9131521581651,-12.96141451262397,-48.086847841834924
SN,19,313,BE,344,265.3228759371469,-22.871256995015443,-78.67712406285312
SN,20,316,RM,421,371.58288211940675,-11.738032750734739,-49.41711788059325
SN,21,317,SV,590,306.33001808239067,-48.079657952137175,-283.66998191760933
SN,22,318,SM,371,334.3570986364229,-9.876792820371184,-36.642901363577096
SN,23,330,BU,371,NA,NA,NA
SN,24,370,BB,400,317.96509930931444,-20.50872517267139,-82.03490069068556
SN,25,372,SB,350,344.4850085726152,-1.575711836395661,-5.514991427384814
SN,26,391,AH,375,306.0266216342045,-18.392900897545466,-68.9733783657955
SN,27,400,HI,276,310.6302496888404,12.547191916246529,34.63024968884042
SN,28,450,CA,492,NA,NA,NA
SN,29,460,HB,420,338.0737632217981,-19.50624685195283,-81.92623677820188
SN,30,471,RD,422,376.7313213549378,-10.72717503437493,-45.26867864506221
SN,31,491,DW,257,305.0885946977604,18.711515446599385,48.08859469776041
SN,32,521,PS,147,325.29133553766036,121.28662281473493,178.29133553766036
SN,33,531,AB,364,324.70409566614154,-10.79557811369738,-39.29590433385846
SN,34,540,AS,414,472.3988143861195,14.105993813072345,58.39881438611951
SN,35,541,WA,408,275.8466942218853,-32.39051612208694,-132.1533057781147
SN,36,543,BA,423,NA,NA,NA
SN,37,544,GA,414,362.7940255446782,-12.368592863604293,-51.20597445532178
SN,38,552,HL,338,220.80275555309868,-34.67374096062169,-117.19724444690132
SN,39,555,LB,492,469.73083060875473,-4.526253941310014,-22.26916939124527
SN,40,580,HA,430,NA,NA,NA
SN,41,591,HY,155,371.3147138202981,139.55787988406328,216.3147138202981
SN,42,601,BN,283,NA,NA,NA
SN,43,602,WN,283,246.24367108661153,-12.988102089536563,-36.75632891338847
SN,44,611,SU,430,352.1096499928451,-18.114034885384857,-77.8903500071549
SN,45,621,YP,478,374.2477216457317,-21.705497563654454,-103.7522783542683
SN,46,650,MG,492,NA,NA,NA
SN,47,651,CT,415,293.1476311839452,-29.362016582181884,-121.85236881605482
SN,48,652,MS,492,386.8325436783611,-21.37549925236563,-105.1674563216389
SN,49,653,MV,492,427.4676831360546,-13.116324565842566,-64.53231686394543
SN,50,654,ML,492,NA,NA,NA
SN,51,660,AP,422,NA,NA,NA
SN,52,680,MB,277,NA,NA,NA
SN,53,691,WT,726,646.8540706997699,-10.901643154301672,-79.14592930023014
SN,54,693,BG,430,358.4897413483163,-16.63029270969389,-71.51025865168373
SN,55,694,TS,704,512.4872955578996,-27.20350915370744,-191.51270444210036
SN,56,701,HH,304,267.2403157000206,-12.092001414466916,-36.759684299979426
SN,57,711,SD,164,395.7574277055621,141.31550469851348,231.75742770556212
SN,58,721,RA,492,298.60326857597596,-39.30827874472033,-193.39673142402404
SN,59,731,SY,499,325.0541324756956,-34.858891287435746,-173.9458675243044
SN,60,740,CW,648,343.0705098727853,-47.05702008136029,-304.9294901272147
SN,61,743,BT,520,NA,NA,NA
SN,62,762,BC,384,331.70295626012455,-13.61902180725923,-52.29704373987545
SN,63,802,WO,361,310.78778812134937,-13.909199966385216,-50.212211878650635
SN,64,806,SO,315,337.1525498198402,7.03255549836197,22.152549819840203
SN,65,812,SK,342,309.49633322639824,-9.503996132632095,-32.503666773601765
SN,66,813,CB,405,323.26127953973435,-20.18240011364584,-81.73872046026565
SN,67,819,TO,326,201.68092387439972,-38.13468592809824,-124.31907612560028
SN,68,820,LK,387,372.54180079676814,-3.735968786364821,-14.458199203231857
SN,69,822,OV,384,339.04111436984704,-11.708043132852334,-44.95888563015296
SN,70,824,BJ,326,205.6449635825914,-36.918722827425945,-120.3550364174086
SN,71,825,SN,417,332.459653708057,-20.27346433859545,-84.54034629194302
SN,72,826,CK,336,319.8471689669225,-4.807390188415928,-16.15283103307752
SN,73,827,WK,365,316.4556841648259,-13.299812557581939,-48.544315835174075
SN,74,832,CO,417,358.11058193266786,-14.122162606074856,-58.889418067332144
SN,75,833,RO,414,370.301854331512,-10.555107649393236,-43.698145668487996
SN,76,834,QS,342,292.8024111133216,-14.38525990838549,-49.197588886678375
SN,77,835,PO,311,255.23896310765167,-17.929593856060556,-55.76103689234833
SN,78,837,BO,370,313.25020670748927,-15.337781970948846,-56.74979329251073
SN,79,838,LO,410,324.79130015218243,-20.782609718979895,-85.20869984781757
SN,80,901,BK,343,309.1207618946059,-9.877328893700906,-33.87923810539411
SN,81,920,WI,447,310.1495080278704,-30.61532258884331,-136.8504919721296
SN,82,931,SS,492,477.5796392760764,-2.9309676268137355,-14.42036072392358
SN,83,950,BD,526,337.06585734712235,-35.919038527163046,-188.93414265287765
SN,84,970,EL,282,384.44794744224265,36.32905937668179,102.44794744224265
SN,85,971,WE,263,251.93778769623677,-4.2061643740544605,-11.062212303763232
SN,86,972,AE,282,279.93500909414746,-0.7322662786711133,-2.0649909058525395
SN,87,975,RL,227,287.97357442215844,26.860605472316493,60.973574422158435
SN,88,299,OS,354,NA,NA,NA
SN,89,998,OH,492,NA,NA,NA
SN,90,999,OT,421,396.31913385983415,-5.862438513103526,-24.680866140165847
TT,1,101,WB,621,NA,NA,NA
TT,2,113,LM,409,351.1076113038532,-14.154618263116573,-57.89238869614678
TT,3,202,DF,570,350.43277399012976,-38.5205659666439,-219.56722600987024
TT,4,133,PM,358,320.9590481196259,-10.346634603456454,-37.04095188037411
TT,5,96,BS,620,NA,NA,NA
TT,6,746,AS,562,500.0433629764144,-11.024312637648682,-61.956637023585586
TT,7,108,LP,679,354.0564755166146,-47.85618917281081,-324.9435244833854
TT,8,93,ES,620,447.670108178574,-27.795143842165484,-172.32989182142597
TT,9,19,AF,602,464.2687517472182,-22.878944892488676,-137.73124825278182
TT,10,122,PP,446,274.04389597029973,-38.55518027571755,-171.95610402970027
TT,11,65,UJ,497,385.74316566507304,-22.385680952701605,-111.25683433492696
TT,12,66,RM,411,371.6879902531376,-9.564965875148996,-39.31200974686237
TT,13,322,BI,619,443.6049094320622,-28.33523272503034,-175.3950905679378
TT,14,321,MM,680,NA,NA,NA
TT,15,749,NC,452,NA,NA,NA
TT,16,475,MC,501,385.9198234827646,-22.970095113220633,-115.08017651723537
TT,17,299,OS,409,NA,NA,NA
TT,18,998,OH,452,NA,NA,NA
UT,1,101,WB,621,NA,NA,NA
UT,2,113,LM,409,351.1708366877438,-14.139159734047967,-57.829163312256185
UT,3,202,DF,570,350.45912480558536,-38.515943016563966,-219.54087519441464
UT,4,15,WF,634,389.9660403197567,-38.49116083284595,-244.0339596802433
UT,5,96,BS,620,NA,NA,NA
UT,6,746,AS,562,500.07098328830705,-11.019397991404439,-61.92901671169295
UT,7,108,LP,679,354.06034131019385,-47.855619836495755,-324.93965868980615
UT,8,93,ES,620,447.695274386878,-27.791084776309997,-172.304725613122
UT,9,19,AF,602,464.22508515224985,-22.886198479692716,-137.77491484775015
UT,10,122,PP,446,274.0444174513226,-38.555063351721394,-171.9555825486774
UT,11,106,PI,348,334.6650093539416,-3.831893863809877,-13.334990646058372
UT,12,64,WJ,272,NA,NA,NA
UT,13,814,GO,652,523.3556350447111,-19.730730821363327,-128.6443649552889
UT,14,133,PM,358,320.9638750163624,-10.345286308278657,-37.03612498363759
UT,15,66,RM,411,371.661445221518,-9.571424520311917,-39.33855477848198
UT,16,65,UJ,497,385.7420290602376,-22.385909645827443,-111.2579709397624
UT,17,142,GB,621,NA,NA,NA
UT,18,749,NC,452,NA,NA,NA
UT,19,748,FC,452,NA,NA,NA
UT,20,475,MC,501,385.93681292942887,-22.96670400610202,-115.06318707057113
UT,21,322,BI,619,443.5633842771345,-28.34194115070525,-175.4366157228655
UT,22,313,BE,344,NA,NA,NA
UT,23,299,OS,409,NA,NA,NA
UT,24,998,OH,652,NA,NA,NA
WS,1,117,SP,561,520.845016612042,-7.15775104954689,-40.154983387958055
WS,2,202,DF,570,552.5310365068194,-3.064730437400102,-17.46896349318058
WS,3,15,WF,800,530.7212392946478,-33.65984508816902,-269.27876070535217
WS,4,212,GS,1052,NA,NA,NA
WS,5,81,IC,576,569.9923699467954,-1.042991328681353,-6.007630053204593
WS,6,116,JP,365,390.040939766213,6.860531442798083,25.040939766213
WS,7,20,RF,1000,606.3320553138979,-39.366794468610216,-393.66794468610215
WS,8,122,PP,365,332.8908234917516,-8.79703465979409,-32.109176508248424
WS,9,108,LP,679,447.1042431173957,-34.15254151437471,-231.8957568826043
WS,10,101,WB,621,272.8851878447447,-56.057135612762536,-348.1148121552553
WS,11,119,WP,272,365.350572845213,34.320063546034184,93.35057284521298
WS,12,133,PM,358,265.82844863100865,-25.746243399159596,-92.17155136899135
WS,13,11,SF,790,669.6842799448442,-15.229837981665291,-120.3157200551558
WS,14,103,KP,679,NA,NA,NA
WS,15,104,FP,409,NA,NA,NA
WS,16,109,CP,365,NA,NA,NA
WS,17,113,LM,409,NA,NA,NA
WS,18,124,MP,365,NA,NA,NA
WS,19,127,GP,214,223.27859832304608,4.335793608900039,9.278598323046083
WS,20,137,WE,365,NA,NA,NA
WS,21,142,GB,409,NA,NA,NA
WS,22,201,BD,570,NA,NA,NA
WS,23,211,RW,1052,762.8770917201806,-27.483166186294618,-289.1229082798194
WS,24,264,MH,687,600.9606097802902,-12.523928707381344,-86.03939021970984
WS,25,64,WJ,272,234.64340193989617,-13.734043404449938,-37.356598060103835
WS,26,65,UJ,497,NA,NA,NA
WS,27,62,CJ,272,229.48281376866103,-15.63131846740403,-42.51718623133897
WS,28,801,LO,667,276.9324449850502,-58.480892805839545,-390.0675550149498
WS,29,805,CY,667,448.0807235307243,-32.821480730026344,-218.9192764692757
WS,30,807,BL,214,179.89053739884463,-15.939001215493166,-34.10946260115537
WS,31,818,BO,406,398.66080344880913,-1.8076838796036616,-7.339196551190867
WS,32,821,VO,440,205.32326871463408,-53.335620746674074,-234.67673128536592
WS,33,839,IO,667,269.7019856429784,-59.564919693706386,-397.2980143570216
WS,34,631,TO,785,633.312826199714,-19.32320685353962,-151.68717380028602
WS,35,431,GC,785,NA,NA,NA
WS,36,746,AS,562,305.850810563053,-45.57814758664537,-256.149189436947
WS,37,981,CL,406,383.9505573798428,-5.4308971970830555,-22.04944262015721
WS,38,361,MA,515,484.29410312490904,-5.962310072833196,-30.705896875090957
WS,39,492,DG,406,NA,NA,NA
WS,40,312,BM,629,422.9277125997092,-32.761889888758475,-206.0722874002908
WS,41,475,MC,501,479.75039073487414,-4.241438975075021,-21.249609265125855
WS,42,299,OS,365,NA,NA,NA
WS,43,998,OH,406,NA,NA,NA
